klei entertainment ;Klei Entertainment ;Klei Entertainment 
zombie studios ;Zombie Studios ;Zombie Studios 
red barrels ;Red Barrels ;Red Barrels 
farsky interactive ;Farsky Interactive ;Farsky Interactive 
facepunch studios ;Facepunch Studios ;Facepunch Studios 
the fun pimps ;The Fun Pimps ;The Fun Pimps 
mojang;Mojang;Mojang
bohemia interactive ;Bohemia Interactive ;Bohemia Interactive 
ndemic creations ;Ndemic Creations ;Ndemic Creations 
coffee stain studios ;Coffee Stain Studios ;Coffee Stain Studios 
pathea games ;Pathea Games ;Pathea Games 
scs software ;SCS Software ;SCS Software 
monochrome llc ;Monochrome LLC ;Monochrome LLC 
hammerpoint interactive ;Hammerpoint Interactive ;Hammerpoint Interactive 
team meat ;Team Meat ;Team Meat 
cellar door games ;Cellar Door Games ;Cellar Door Games 
acid wizard studio;Acid Wizard Studio;Acid Wizard Studio
bethesda softworks;Bethesda Softworks;Bethesda Softworks
mastertronic;Mastertronic;Mastertronic
darkforge games llc;darkForge Games LLC;darkForge Games LLC
supervillain studios;SuperVillain Studios;SuperVillain Studios
amplitude studios;AMPLITUDE Studios;AMPLITUDE Studios
limasse five ;Limasse Five ;Limasse Five 
kiss ltd;KISS ltd;KISS ltd
505 games;505 Games;506 Games
number none;Number None;Number None
frictional games;Frictional Games;Frictional Games
chucklefish;Chucklefish;Chucklefish
re-logic;Re-Logic;Re-Logic
the indie stone;The Indie Stone;The Indie Stone
snowbird games;Snowbird Games;Snowbird Games
torn banner studios;Torn Banner Studios;Torn Banner Studios
avatar creations;Avatar Creations;Avatar Creations
3909;3909;3910
galactic cafe;Galactic Cafe;Galactic Cafe
new world interactive;New World Interactive;New World Interactive
modulaatio games;Modulaatio Games;Modulaatio Games
